PlaylistId,TrackId
1,1
8,1
17,1
1,2
8,2
17,2
1,3
5,3
8,3
17,3
1,4
5,4
8,4
17,4
1,5
5,5
8,5
17,5
1,6
8,6
1,7
8,7
1,8
8,8
1,9
8,9
1,10
8,10
1,11
8,11
1,12
8,12
1,13
8,13
1,14
8,14
1,15
8,15
1,16
8,16
1,17
8,17
1,18
8,18
1,19
8,19
1,20
8,20
1,21
8,21
1,22
8,22
1,23
5,23
8,23
1,24
5,24
8,24
1,25
5,25
8,25
1,26
5,26
8,26
1,27
5,27
8,27
1,28
5,28
8,28
1,29
5,29
8,29
1,30
5,30
8,30
1,31
5,31
8,31
1,32
5,32
8,32
1,33
5,33
8,33
1,34
5,34
8,34
1,35
5,35
8,35
1,36
5,36
8,36
1,37
5,37
8,37
1,38
5,38
8,38
1,39
5,39
8,39
1,40
5,40
8,40
1,41
5,41
8,41
1,42
5,42
8,42
1,43
5,43
8,43
1,44
5,44
8,44
1,45
5,45
8,45
1,46
5,46
8,46
1,47
5,47
8,47
1,48
5,48
8,48
1,49
5,49
8,49
1,50
5,50
8,50
1,51
5,51
8,51
1,52
5,52
8,52
16,52
1,53
5,53
8,53
1,54
5,54
8,54
1,55
5,55
8,55
1,56
5,56
8,56
1,57
5,57
8,57
1,58
5,58
8,58
1,59
5,59
8,59
1,60
5,60
8,60
1,61
5,61
8,61
1,62
5,62
8,62
1,63
8,63
1,64
8,64
1,65
8,65
1,66
8,66
1,67
8,67
1,68
8,68
1,69
8,69
1,70
8,70
1,71
8,71
1,72
8,72
1,73
8,73
1,74
8,74
1,75
8,75
1,76
8,76
1,77
5,77
8,77
1,78
5,78
8,78
1,79
5,79
8,79
1,80
5,80
8,80
1,81
5,81
8,81
1,82
5,82
8,82
1,83
5,83
8,83
1,84
5,84
8,84
1,85
8,85
1,86
8,86
1,87
8,87
1,88
8,88
1,89
8,89
1,90
8,90
1,91
8,91
1,92
8,92
1,93
8,93
1,94
8,94
1,95
8,95
1,96
8,96
1,97
8,97
1,98
8,98
1,99
8,99
1,100
8,100
1,101
8,101
1,102
8,102
1,103
8,103
1,104
8,104
1,105
8,105
1,106
8,106
1,107
8,107
1,108
8,108
1,109
8,109
1,110
8,110
1,111
5,111
8,111
1,112
5,112
8,112
1,113
5,113
8,113
1,114
5,114
8,114
1,115
5,115
8,115
1,116
5,116
8,116
1,117
5,117
8,117
1,118
5,118
8,118
1,119
5,119
8,119
1,120
5,120
8,120
1,121
5,121
8,121
1,122
5,122
8,122
1,123
8,123
1,124
8,124
1,125
8,125
1,126
8,126
1,127
8,127
1,128
8,128
1,129
8,129
1,130
8,130
1,131
8,131
1,132
8,132
1,133
8,133
1,134
8,134
1,135
8,135
1,136
8,136
1,137
8,137
1,138
8,138
1,139
8,139
1,140
8,140
1,141
8,141
1,142
8,142
1,143
8,143
1,144
8,144
1,145
8,145
1,146
8,146
1,147
8,147
1,148
8,148
1,149
8,149
1,150
8,150
1,151
8,151
1,152
8,152
17,152
1,153
8,153
1,154
8,154
1,155
8,155
1,156
8,156
1,157
8,157
1,158
8,158
1,159
8,159
1,160
8,160
17,160
1,161
8,161
1,162
8,162
1,163
8,163
1,164
8,164
1,165
8,165
1,166
5,166
8,166
1,167
5,167
8,167
1,168
5,168
8,168
1,169
5,169
8,169
1,170
5,170
8,170
1,171
5,171
8,171
1,172
5,172
8,172
1,173
5,173
8,173
1,174
5,174
8,174
1,175
5,175
8,175
1,176
5,176
8,176
1,177
5,177
8,177
1,178
5,178
8,178
1,179
5,179
8,179
1,180
5,180
8,180
1,181
5,181
8,181
1,182
5,182
8,182
1,183
5,183
8,183
1,184
5,184
8,184
1,185
5,185
8,185
1,186
5,186
8,186
1,187
5,187
8,187
1,188
5,188
8,188
1,189
5,189
8,189
1,190
5,190
8,190
1,191
5,191
8,191
1,192
5,192
8,192
1,193
5,193
8,193
1,194
8,194
1,195
8,195
1,196
8,196
1,197
8,197
1,198
8,198
1,199
8,199
1,200
8,200
1,201
8,201
1,202
8,202
1,203
8,203
1,204
8,204
1,205
5,205
8,205
1,206
5,206
8,206
1,207
5,207
8,207
1,208
5,208
8,208
1,209
5,209
8,209
1,210
5,210
8,210
1,211
5,211
8,211
1,212
5,212
8,212
1,213
5,213
8,213
1,214
5,214
8,214
1,215
5,215
8,215
11,215
1,216
5,216
8,216
1,217
5,217
8,217
1,218
5,218
8,218
1,219
5,219
8,219
11,219
1,220
5,220
8,220
11,220
1,221
5,221
8,221
1,222
5,222
8,222
1,223
8,223
1,224
8,224
1,225
8,225
1,226
8,226
1,227
8,227
1,228
8,228
11,228
1,229
8,229
1,230
8,230
11,230
1,231
8,231
1,232
8,232
1,233
8,233
1,234
8,234
1,235
8,235
1,236
8,236
11,236
1,237
8,237
1,238
8,238
1,239
8,239
1,240
8,240
1,241
8,241
1,242
8,242
1,243
8,243
1,244
8,244
1,245
8,245
1,246
5,246
8,246
1,247
5,247
8,247
1,248
5,248
8,248
1,249
5,249
8,249
1,250
5,250
8,250
1,251
5,251
8,251
1,252
5,252
8,252
1,253
5,253
8,253
1,254
5,254
8,254
1,255
5,255
8,255
1,256
5,256
8,256
1,257
5,257
8,257
1,258
5,258
8,258
1,259
5,259
8,259
1,260
5,260
8,260
1,261
5,261
8,261
1,262
5,262
8,262
1,263
5,263
8,263
1,264
5,264
8,264
1,265
5,265
8,265
1,266
5,266
8,266
1,267
5,267
8,267
1,268
5,268
8,268
1,269
5,269
8,269
1,270
5,270
8,270
1,271
5,271
8,271
1,272
5,272
8,272
1,273
5,273
8,273
1,274
5,274
8,274
1,275
5,275
8,275
1,276
5,276
8,276
1,277
5,277
8,277
1,278
5,278
8,278
1,279
5,279
8,279
1,280
5,280
8,280
1,281
5,281
8,281
1,282
8,282
1,283
8,283
1,284
8,284
1,285
8,285
1,286
8,286
1,287
8,287
1,288
8,288
1,289
8,289
1,290
8,290
1,291
8,291
1,292
8,292
1,293
8,293
1,294
8,294
1,295
8,295
1,296
8,296
1,297
8,297
1,298
8,298
1,299
5,299
8,299
1,300
5,300
8,300
1,301
5,301
8,301
1,302
5,302
8,302
1,303
5,303
8,303
1,304
5,304
8,304
1,305
5,305
8,305
1,306
5,306
8,306
1,307
5,307
8,307
1,308
5,308
8,308
1,309
5,309
8,309
1,310
5,310
8,310
1,311
5,311
8,311
1,312
5,312
8,312
1,313
8,313
1,314
8,314
1,315
8,315
1,316
8,316
1,317
8,317
1,318
8,318
1,319
8,319
1,320
8,320
1,321
8,321
1,322
8,322
1,323
8,323
1,324
8,324
1,325
8,325
1,326
8,326
1,327
8,327
1,328
8,328
1,329
8,329
1,330
8,330
1,331
8,331
1,332
8,332
1,333
8,333
1,334
8,334
1,335
8,335
1,336
8,336
1,337
5,337
8,337
1,338
5,338
8,338
1,339
5,339
8,339
1,340
5,340
8,340
1,341
5,341
8,341
1,342
5,342
8,342
1,343
5,343
8,343
1,344
5,344
8,344
1,345
5,345
8,345
1,346
5,346
8,346
1,347
5,347
8,347
1,348
5,348
8,348
1,349
5,349
8,349
1,350
5,350
8,350
1,351
8,351
1,352
8,352
1,353
8,353
1,354
8,354
1,355
8,355
1,356
8,356
1,357
8,357
1,358
8,358
1,359
8,359
1,360
8,360
1,361
8,361
1,362
8,362
1,363
8,363
1,364
8,364
1,365
8,365
1,366
8,366
1,367
8,367
1,368
8,368
1,369
8,369
1,370
8,370
1,371
8,371
1,372
8,372
1,373
8,373
1,374
8,374
1,375
8,375
1,376
8,376
1,377
8,377
1,378
8,378
1,379
8,379
1,380
8,380
1,381
8,381
1,382
8,382
1,383
8,383
1,384
8,384
1,385
8,385
1,386
8,386
1,387
8,387
1,388
8,388
1,389
8,389
1,390
8,390
1,391
8,391
11,391
1,392
8,392
1,393
8,393
11,393
1,394
8,394
1,395
8,395
1,396
8,396
1,397
8,397
1,398
8,398
1,399
8,399
1,400
8,400
1,401
8,401
1,402
8,402
1,403
8,403
1,404
8,404
1,405
8,405
1,406
8,406
1,407
8,407
1,408
5,408
8,408
1,409
5,409
8,409
1,410
5,410
8,410
1,411
5,411
8,411
1,412
5,412
8,412
1,413
5,413
8,413
1,414
5,414
8,414
1,415
5,415
8,415
1,416
5,416
8,416
1,417
5,417
8,417
1,418
5,418
8,418
1,419
8,419
1,420
8,420
1,421
8,421
1,422
8,422
1,423
8,423
1,424
5,424
8,424
1,425
8,425
1,426
8,426
1,427
8,427
1,428
5,428
8,428
1,429
8,429
1,430
5,430
8,430
1,431
8,431
1,432
8,432
1,433
8,433
1,434
5,434
8,434
1,435
8,435
1,436
5,436
8,436
1,437
5,437
8,437
1,438
5,438
8,438
1,439
5,439
8,439
1,440
5,440
8,440
1,441
5,441
8,441
1,442
5,442
8,442
1,443
5,443
8,443
1,444
5,444
8,444
1,445
5,445
8,445
1,446
5,446
8,446
1,447
5,447
8,447
1,448
5,448
8,448
1,449
5,449
8,449
1,450
5,450
8,450
1,451
5,451
8,451
1,452
8,452
1,453
5,453
8,453
1,454
5,454
8,454
1,455
5,455
8,455
1,456
5,456
8,456
1,457
5,457
8,457
1,458
5,458
8,458
1,459
5,459
8,459
1,460
5,460
8,460
1,461
5,461
8,461
1,462
5,462
8,462
1,463
5,463
8,463
1,464
5,464
8,464
1,465
5,465
8,465
1,466
5,466
8,466
1,467
5,467
8,467
1,468
8,468
1,469
8,469
1,470
5,470
8,470
1,471
5,471
8,471
1,472
5,472
8,472
1,473
5,473
8,473
1,474
5,474
8,474
1,475
5,475
8,475
1,476
5,476
8,476
1,477
5,477
8,477
1,478
5,478
8,478
1,479
5,479
8,479
1,480
5,480
8,480
1,481
5,481
8,481
1,482
5,482
8,482
1,483
5,483
8,483
1,484
5,484
8,484
1,485
8,485
1,486
8,486
1,487
8,487
1,488
8,488
1,489
8,489
1,490
8,490
1,491
8,491
1,492
8,492
1,493
8,493
1,494
8,494
1,495
8,495
1,496
8,496
1,497
8,497
1,498
8,498
1,499
8,499
1,500
8,500
1,501
5,501
8,501
11,501
1,502
5,502
8,502
1,503
5,503
8,503
1,504
5,504
8,504
11,504
1,505
5,505
8,505
1,506
5,506
8,506
1,507
5,507
8,507
1,508
5,508
8,508
1,509
5,509
8,509
1,510
5,510
8,510
1,511
5,511
8,511
1,512
5,512
8,512
1,513
5,513
8,513
1,514
5,514
8,514
1,515
5,515
8,515
1,516
5,516
8,516
11,516
1,517
5,517
8,517
1,518
5,518
8,518
1,519
5,519
8,519
1,520
5,520
8,520
1,521
5,521
8,521
1,522
5,522
8,522
1,523
5,523
8,523
11,523
1,524
5,524
8,524
1,525
5,525
8,525
1,526
5,526
8,526
1,527
5,527
8,527
1,528
5,528
8,528
1,529
8,529
1,530
8,530
1,531
8,531
1,532
8,532
1,533
8,533
1,534
8,534
1,535
8,535
1,536
8,536
1,537
8,537
1,538
8,538
1,539
8,539
1,540
8,540
1,541
8,541
1,542
8,542
1,543
8,543
1,544
8,544
1,545
8,545
1,546
8,546
1,547
8,547
1,548
8,548
1,549
8,549
1,550
8,550
1,551
8,551
1,552
8,552
1,553
8,553
1,554
8,554
1,555
8,555
1,556
8,556
1,557
8,557
1,558
8,558
1,559
8,559
1,560
8,560
1,561
8,561
1,562
8,562
1,563
8,563
1,564
8,564
1,565
8,565
1,566
8,566
1,567
8,567
1,568
8,568
1,569
8,569
1,570
5,570
8,570
1,571
5,571
8,571
1,572
5,572
8,572
1,573
5,573
8,573
1,574
5,574
8,574
1,575
5,575
8,575
1,576
5,576
8,576
1,577
5,577
8,577
1,578
5,578
8,578
1,579
5,579
8,579
1,580
5,580
8,580
1,581
5,581
8,581
1,582
5,582
8,582
1,583
5,583
8,583
1,584
5,584
8,584
1,585
5,585
8,585
1,586
5,586
8,586
1,587
5,587
8,587
1,588
5,588
8,588
1,589
5,589
8,589
1,590
5,590
8,590
1,591
5,591
8,591
1,592
5,592
8,592
1,593
5,593
8,593
1,594
5,594
8,594
1,595
5,595
8,595
1,596
5,596
8,596
1,597
8,597
18,597
1,598
8,598
1,599
8,599
1,600
8,600
1,601
8,601
1,602
8,602
1,603
8,603
1,604
8,604
1,605
8,605
1,606
8,606
1,607
8,607
1,608
8,608
1,609
8,609
1,610
8,610
1,611
8,611
1,612
8,612
1,613
8,613
1,614
8,614
1,615
8,615
1,616
8,616
1,617
8,617
1,618
8,618
1,619
8,619
1,620
8,620
1,621
8,621
1,622
8,622
1,623
8,623
1,624
8,624
1,625
8,625
1,626
8,626
1,627
8,627
1,628
8,628
1,629
8,629
1,630
8,630
1,631
8,631
1,632
8,632
1,633
8,633
1,634
8,634
1,635
8,635
1,636
8,636
1,637
8,637
1,638
8,638
1,639
8,639
1,640
8,640
1,641
8,641
1,642
8,642
1,643
8,643
1,644
8,644
1,645
8,645
1,646
8,646
1,647
8,647
1,648
8,648
1,649
8,649
1,650
8,650
1,651
8,651
1,652
8,652
1,653
8,653
1,654
8,654
1,655
8,655
1,656
8,656
1,657
8,657
1,658
8,658
1,659
8,659
1,660
8,660
1,661
8,661
1,662
8,662
1,663
8,663
1,664
8,664
1,665
8,665
1,666
8,666
1,667
8,667
1,668
8,668
1,669
8,669
1,670
8,670
1,671
8,671
1,672
8,672
1,673
8,673
1,674
8,674
1,675
8,675
1,676
8,676
1,677
8,677
1,678
8,678
1,679
8,679
1,680
8,680
1,681
8,681
1,682
8,682
1,683
8,683
1,684
8,684
1,685
8,685
1,686
8,686
1,687
8,687
1,688
8,688
1,689
8,689
1,690
8,690
1,691
8,691
1,692
8,692
1,693
8,693
1,694
8,694
1,695
8,695
1,696
8,696
1,697
8,697
1,698
8,698
1,699
8,699
1,700
8,700
1,701
8,701
1,702
8,702
1,703
8,703
1,704
8,704
1,705
8,705
1,706
8,706
1,707
8,707
1,708
8,708
1,709
8,709
1,710
8,710
1,711
8,711
1,712
8,712
1,713
8,713
1,714
8,714
1,715
8,715
1,716
8,716
1,717
8,717
1,718
8,718
1,719
8,719
1,720
8,720
1,721
8,721
1,722
8,722
1,723
8,723
1,724
8,724
1,725
8,725
1,726
8,726
1,727
8,727
1,728
8,728
1,729
8,729
1,730
8,730
11,730
1,731
8,731
1,732
8,732
1,733
8,733
1,734
8,734
1,735
8,735
1,736
8,736
1,737
8,737
1,738
8,738
11,738
1,739
8,739
1,740
8,740
1,741
8,741
1,742
8,742
1,743
8,743
1,744
8,744
1,745
8,745
1,746
8,746
1,747
8,747
1,748
8,748
1,749
8,749
1,750
8,750
1,751
8,751
1,752
8,752
1,753
8,753
1,754
8,754
1,755
8,755
1,756
8,756
1,757
8,757
1,758
8,758
1,759
8,759
1,760
8,760
1,761
8,761
1,762
8,762
1,763
8,763
1,764
8,764
1,765
8,765
1,766
8,766
1,767
8,767
1,768
5,768
8,768
1,769
5,769
8,769
1,770
5,770
8,770
1,771
5,771
8,771
1,772
5,772
8,772
1,773
5,773
8,773
1,774
5,774
8,774
1,775
5,775
8,775
1,776
5,776
8,776
1,777
5,777
8,777
1,778
5,778
8,778
1,779
8,779
1,780
8,780
1,781
8,781
1,782
8,782
1,783
8,783
1,784
8,784
1,785
8,785
1,786
5,786
8,786
1,787
5,787
8,787
1,788
5,788
8,788
1,789
5,789
8,789
1,790
5,790
8,790
1,791
5,791
8,791
1,792
5,792
8,792
1,793
5,793
8,793
1,794
5,794
8,794
1,795
5,795
8,795
1,796
5,796
8,796
1,797
5,797
8,797
1,798
5,798
8,798
1,799
5,799
8,799
1,800
5,800
8,800
1,801
5,801
8,801
1,802
5,802
8,802
1,803
5,803
8,803
1,804
5,804
8,804
1,805
5,805
8,805
1,806
5,806
8,806
1,807
8,807
1,808
8,808
1,809
8,809
1,810
8,810
1,811
8,811
1,812
8,812
1,813
8,813
1,814
8,814
1,815
8,815
1,816
5,816
8,816
1,817
5,817
8,817
1,818
5,818
8,818
1,819
5,819
8,819
1,820
5,820
8,820
1,821
5,821
8,821
1,822
5,822
8,822
1,823
5,823
8,823
1,824
5,824
8,824
1,825
5,825
8,825
1,826
5,826
8,826
1,827
5,827
8,827
1,828
5,828
8,828
1,829
5,829
8,829
1,830
5,830
8,830
1,831
5,831
8,831
1,832
5,832
8,832
1,833
5,833
8,833
1,834
5,834
8,834
1,835
5,835
8,835
1,836
5,836
8,836
1,837
5,837
8,837
1,838
5,838
8,838
1,839
5,839
8,839
1,840
5,840
8,840
1,841
5,841
8,841
1,842
8,842
1,843
8,843
1,844
8,844
1,845
8,845
1,846
8,846
1,847
8,847
1,848
8,848
1,849
8,849
1,850
8,850
1,851
5,851
8,851
1,852
5,852
8,852
11,852
1,853
5,853
8,853
1,854
5,854
8,854
1,855
5,855
8,855
1,856
5,856
8,856
1,857
5,857
8,857
1,858
5,858
8,858
11,858
1,859
5,859
8,859
1,860
5,860
8,860
1,861
5,861
8,861
1,862
5,862
8,862
1,863
5,863
8,863
1,864
5,864
8,864
11,864
1,865
5,865
8,865
1,866
5,866
8,866
1,867
5,867
8,867
11,867
1,868
5,868
8,868
1,869
5,869
8,869
1,870
5,870
8,870
1,871
5,871
8,871
1,872
5,872
8,872
1,873
5,873
8,873
1,874
5,874
8,874
11,874
1,875
5,875
8,875
1,876
5,876
8,876
1,877
8,877
11,877
1,878
8,878
1,879
8,879
1,880
8,880
1,881
8,881
1,882
8,882
1,883
8,883
1,884
8,884
1,885
8,885
11,885
1,886
8,886
1,887
8,887
1,888
8,888
11,888
1,889
8,889
1,890
8,890
1,891
5,891
8,891
1,892
5,892
8,892
1,893
5,893
8,893
1,894
5,894
8,894
1,895
5,895
8,895
1,896
5,896
8,896
1,897
5,897
8,897
1,898
5,898
8,898
1,899
5,899
8,899
1,900
5,900
8,900
1,901
5,901
8,901
1,902
5,902
8,902
1,903
5,903
8,903
1,904
5,904
8,904
1,905
5,905
8,905
1,906
5,906
8,906
1,907
5,907
8,907
1,908
5,908
8,908
1,909
5,909
8,909
1,910
5,910
8,910
1,911
5,911
8,911
1,912
5,912
8,912
1,913
5,913
8,913
1,914
5,914
8,914
1,915
5,915
8,915
1,916
5,916
8,916
1,917
5,917
8,917
1,918
5,918
8,918
1,919
5,919
8,919
1,920
5,920
8,920
1,921
5,921
8,921
1,922
5,922
8,922
1,923
5,923
8,923
1,924
5,924
8,924
1,925
5,925
8,925
1,926
5,926
8,926
1,927
5,927
8,927
1,928
5,928
8,928
1,929
5,929
8,929
1,930
5,930
8,930
1,931
5,931
8,931
1,932
5,932
8,932
1,933
5,933
8,933
1,934
5,934
8,934
1,935
5,935
8,935
1,936
5,936
8,936
1,937
5,937
8,937
1,938
5,938
8,938
1,939
5,939
8,939
1,940
5,940
8,940
1,941
5,941
8,941
1,942
5,942
8,942
1,943
5,943
8,943
1,944
5,944
8,944
1,945
5,945
8,945
1,946
5,946
8,946
1,947
5,947
8,947
1,948
5,948
8,948
1,949
5,949
8,949
1,950
5,950
8,950
1,951
5,951
8,951
1,952
5,952
8,952
1,953
5,953
8,953
1,954
5,954
8,954
1,955
5,955
8,955
1,956
5,956
8,956
1,957
5,957
8,957
1,958
5,958
8,958
1,959
5,959
8,959
1,960
5,960
8,960
1,961
5,961
8,961
1,962
5,962
8,962
1,963
5,963
8,963
1,964
8,964
1,965
8,965
1,966
8,966
1,967
8,967
1,968
8,968
1,969
8,969
1,970
8,970
1,971
8,971
1,972
8,972
1,973
8,973
1,974
8,974
1,975
8,975
1,976
5,976
8,976
1,977
5,977
8,977
1,978
5,978
8,978
1,979
5,979
8,979
1,980
8,980
1,981
8,981
1,982
8,982
1,983
8,983
1,984
5,984
8,984
1,985
8,985
1,986
8,986
1,987
8,987
1,988
8,988
1,989
8,989
1,990
8,990
1,991
8,991
1,992
8,992
1,993
8,993
1,994
8,994
1,995
8,995
1,996
8,996
1,997
8,997
1,998
8,998
1,999
8,999
1,1000
8,1000
1,1001
8,1001
1,1002
8,1002
1,1003
8,1003
1,1004
8,1004
1,1005
8,1005
1,1006
8,1006
1,1007
8,1007
1,1008
8,1008
1,1009
8,1009
1,1010
8,1010
1,1011
8,1011
1,1012
8,1012
1,1013
8,1013
1,1014
8,1014
1,1015
8,1015
1,1016
8,1016
1,1017
8,1017
1,1018
8,1018
1,1019
8,1019
1,1020
5,1020
8,1020
1,1021
5,1021
8,1021
1,1022
5,1022
8,1022
1,1023
5,1023
8,1023
1,1024
5,1024
8,1024
1,1025
5,1025
8,1025
1,1026
5,1026
8,1026
1,1027
5,1027
8,1027
1,1028
5,1028
8,1028
1,1029
5,1029
8,1029
1,1030
5,1030
8,1030
1,1031
5,1031
8,1031
1,1032
5,1032
8,1032
1,1033
8,1033
1,1034
8,1034
1,1035
8,1035
1,1036
8,1036
1,1037
8,1037
1,1038
8,1038
1,1039
8,1039
1,1040
8,1040
1,1041
8,1041
1,1042
8,1042
1,1043
8,1043
1,1044
8,1044
1,1045
8,1045
1,1046
8,1046
1,1047
8,1047
1,1048
8,1048
1,1049
8,1049
1,1050
8,1050
1,1051
8,1051
1,1052
8,1052
1,1053
8,1053
1,1054
8,1054
1,1055
8,1055
1,1056
8,1056
1,1057
5,1057
8,1057
1,1058
5,1058
8,1058
1,1059
5,1059
8,1059
1,1060
5,1060
8,1060
1,1061
5,1061
8,1061
1,1062
5,1062
8,1062
1,1063
5,1063
8,1063
1,1064
5,1064
8,1064
1,1065
5,1065
8,1065
1,1066
5,1066
8,1066
1,1067
5,1067
8,1067
1,1068
5,1068
8,1068
1,1069
5,1069
8,1069
1,1070
5,1070
8,1070
1,1071
5,1071
8,1071
1,1072
5,1072
8,1072
1,1073
8,1073
1,1074
8,1074
1,1075
8,1075
1,1076
8,1076
1,1077
8,1077
1,1078
8,1078
1,1079
8,1079
1,1080
8,1080
1,1081
8,1081
1,1082
8,1082
1,1083
8,1083
1,1084
8,1084
1,1085
8,1085
1,1086
8,1086
1,1087
5,1087
8,1087
1,1088
5,1088
8,1088
11,1088
1,1089
5,1089
8,1089
1,1090
5,1090
8,1090
1,1091
5,1091
8,1091
1,1092
5,1092
8,1092
1,1093
5,1093
8,1093
11,1093
1,1094
5,1094
8,1094
1,1095
5,1095
8,1095
1,1096
5,1096
8,1096
1,1097
5,1097
8,1097
1,1098
5,1098
8,1098
1,1099
5,1099
8,1099
11,1099
1,1100
5,1100
8,1100
1,1101
5,1101
8,1101
1,1102
8,1102
1,1103
8,1103
1,1104
8,1104
1,1105
5,1105
8,1105
11,1105
1,1106
5,1106
8,1106
1,1107
5,1107
8,1107
1,1108
5,1108
8,1108
1,1109
5,1109
8,1109
1,1110
5,1110
8,1110
1,1111
5,1111
8,1111
1,1112
5,1112
8,1112
1,1113
5,1113
8,1113
1,1114
5,1114
8,1114
1,1115
5,1115
8,1115
1,1116
5,1116
8,1116
1,1117
5,1117
8,1117
1,1118
5,1118
8,1118
1,1119
5,1119
8,1119
1,1120
5,1120
8,1120
1,1121
8,1121
1,1122
8,1122
1,1123
8,1123
1,1124
8,1124
1,1125
8,1125
1,1126
8,1126
1,1127
8,1127
1,1128
8,1128
1,1129
8,1129
1,1130
8,1130
1,1131
8,1131
1,1132
8,1132
1,1133
8,1133
1,1134
8,1134
1,1135
8,1135
1,1136
8,1136
1,1137
8,1137
1,1138
8,1138
1,1139
8,1139
1,1140
8,1140
1,1141
8,1141
1,1142
8,1142
1,1143
8,1143
1,1144
8,1144
1,1145
8,1145
1,1146
8,1146
1,1147
8,1147
1,1148
8,1148
1,1149
8,1149
1,1150
8,1150
1,1151
8,1151
1,1152
8,1152
1,1153
8,1153
1,1154
8,1154
1,1155
8,1155
1,1156
8,1156
1,1157
8,1157
1,1158
5,1158
8,1158
1,1159
5,1159
8,1159
1,1160
5,1160
8,1160
1,1161
5,1161
8,1161
1,1162
5,1162
8,1162
1,1163
5,1163
8,1163
1,1164
5,1164
8,1164
1,1165
5,1165
8,1165
1,1166
5,1166
8,1166
1,1167
5,1167
8,1167
1,1168
5,1168
8,1168
1,1169
5,1169
8,1169
1,1170
5,1170
8,1170
1,1171
5,1171
8,1171
1,1172
5,1172
8,1172
1,1173
5,1173
8,1173
1,1174
5,1174
8,1174
1,1175
5,1175
8,1175
1,1176
5,1176
8,1176
1,1177
5,1177
8,1177
1,1178
5,1178
8,1178
1,1179
5,1179
8,1179
1,1180
5,1180
8,1180
1,1181
5,1181
8,1181
1,1182
5,1182
8,1182
1,1183
5,1183
8,1183
1,1184
5,1184
8,1184
1,1185
5,1185
8,1185
1,1186
5,1186
8,1186
1,1187
5,1187
8,1187
1,1188
5,1188
8,1188
1,1189
5,1189
8,1189
1,1190
5,1190
8,1190
1,1191
5,1191
8,1191
1,1192
5,1192
8,1192
1,1193
5,1193
8,1193
1,1194
5,1194
8,1194
1,1195
5,1195
8,1195
1,1196
5,1196
8,1196
1,1197
5,1197
8,1197
1,1198
5,1198
8,1198
1,1199
5,1199
8,1199
1,1200
5,1200
8,1200
1,1201
8,1201
1,1202
8,1202
1,1203
8,1203
1,1204
8,1204
1,1205
8,1205
1,1206
8,1206
1,1207
8,1207
1,1208
8,1208
1,1209
8,1209
1,1210
8,1210
1,1211
8,1211
1,1212
5,1212
8,1212
1,1213
5,1213
8,1213
1,1214
5,1214
8,1214
1,1215
5,1215
8,1215
1,1216
5,1216
8,1216
1,1217
5,1217
8,1217
1,1218
5,1218
8,1218
1,1219
5,1219
8,1219
1,1220
5,1220
8,1220
1,1221
5,1221
8,1221
1,1222
5,1222
8,1222
1,1223
5,1223
8,1223
1,1224
5,1224
8,1224
1,1225
5,1225
8,1225
1,1226
5,1226
8,1226
1,1227
5,1227
8,1227
1,1228
5,1228
8,1228
1,1229
5,1229
8,1229
1,1230
5,1230
8,1230
1,1231
5,1231
8,1231
1,1232
5,1232
8,1232
1,1233
5,1233
8,1233
1,1234
5,1234
8,1234
1,1235
8,1235
1,1236
8,1236
1,1237
8,1237
1,1238
8,1238
1,1239
8,1239
1,1240
8,1240
1,1241
8,1241
1,1242
8,1242
1,1243
8,1243
1,1244
8,1244
1,1245
8,1245
1,1246
8,1246
1,1247
8,1247
1,1248
8,1248
1,1249
8,1249
1,1250
8,1250
1,1251
8,1251
1,1252
8,1252
1,1253
8,1253
1,1254
8,1254
1,1255
8,1255
1,1256
5,1256
8,1256
1,1257
5,1257
8,1257
1,1258
5,1258
8,1258
1,1259
5,1259
8,1259
1,1260
5,1260
8,1260
1,1261
5,1261
8,1261
1,1262
5,1262
8,1262
1,1263
5,1263
8,1263
1,1264
5,1264
8,1264
1,1265
5,1265
8,1265
1,1266
5,1266
8,1266
1,1267
5,1267
8,1267
1,1268
8,1268
1,1269
8,1269
1,1270
8,1270
1,1271
8,1271
1,1272
8,1272
1,1273
8,1273
1,1274
8,1274
1,1275
8,1275
1,1276
8,1276
1,1277
8,1277
1,1278
8,1278
17,1278
1,1279
8,1279
1,1280
8,1280
1,1281
8,1281
1,1282
8,1282
1,1283
8,1283
17,1283
1,1284
8,1284
1,1285
8,1285
1,1286
8,1286
1,1287
8,1287
1,1288
8,1288
1,1289
8,1289
1,1290
8,1290
1,1291
8,1291
1,1292
8,1292
1,1293
8,1293
1,1294
8,1294
1,1295
8,1295
1,1296
8,1296
1,1297
8,1297
1,1298
8,1298
1,1299
8,1299
1,1300
8,1300
1,1301
8,1301
1,1302
8,1302
1,1303
8,1303
1,1304
8,1304
1,1305
5,1305
8,1305
1,1306
5,1306
8,1306
1,1307
5,1307
8,1307
1,1308
5,1308
8,1308
1,1309
5,1309
8,1309
1,1310
5,1310
8,1310
1,1311
5,1311
8,1311
1,1312
5,1312
8,1312
1,1313
5,1313
8,1313
1,1314
5,1314
8,1314
1,1315
5,1315
8,1315
1,1316
5,1316
8,1316
1,1317
5,1317
8,1317
1,1318
5,1318
8,1318
1,1319
5,1319
8,1319
1,1320
5,1320
8,1320
1,1321
5,1321
8,1321
1,1322
5,1322
8,1322
1,1323
5,1323
8,1323
1,1324
5,1324
8,1324
1,1325
5,1325
8,1325
1,1326
5,1326
8,1326
1,1327
5,1327
8,1327
1,1328
5,1328
8,1328
1,1329
5,1329
8,1329
1,1330
5,1330
8,1330
1,1331
5,1331
8,1331
1,1332
5,1332
8,1332
1,1333
5,1333
8,1333
1,1334
5,1334
8,1334
1,1335
8,1335
17,1335
1,1336
8,1336
1,1337
8,1337
1,1338
8,1338
1,1339
8,1339
1,1340
8,1340
1,1341
8,1341
1,1342
8,1342
1,1343
8,1343
1,1344
8,1344
1,1345
8,1345
17,1345
1,1346
8,1346
1,1347
8,1347
1,1348
8,1348
1,1349
8,1349
1,1350
8,1350
1,1351
8,1351
1,1352
8,1352
1,1353
8,1353
1,1354
8,1354
1,1355
8,1355
1,1356
8,1356
1,1357
8,1357
1,1358
8,1358
1,1359
8,1359
1,1360
8,1360
1,1361
8,1361
1,1362
8,1362
1,1363
8,1363
1,1364
8,1364
1,1365
8,1365
1,1366
8,1366
1,1367
8,1367
1,1368
8,1368
1,1369
8,1369
1,1370
8,1370
1,1371
8,1371
1,1372
8,1372
1,1373
8,1373
1,1374
8,1374
1,1375
8,1375
1,1376
8,1376
1,1377
8,1377
1,1378
8,1378
1,1379
8,1379
1,1380
8,1380
17,1380
1,1381
8,1381
1,1382
8,1382
1,1383
8,1383
1,1384
8,1384
1,1385
8,1385
1,1386
8,1386
1,1387
8,1387
1,1388
8,1388
1,1389
8,1389
1,1390
8,1390
1,1391
8,1391
1,1392
8,1392
17,1392
1,1393
8,1393
1,1394
8,1394
1,1395
5,1395
8,1395
1,1396
5,1396
8,1396
1,1397
5,1397
8,1397
1,1398
5,1398
8,1398
1,1399
5,1399
8,1399
1,1400
5,1400
8,1400
1,1401
5,1401
8,1401
1,1402
5,1402
8,1402
1,1403
5,1403
8,1403
1,1404
5,1404
8,1404
1,1405
5,1405
8,1405
1,1406
5,1406
8,1406
1,1407
5,1407
8,1407
1,1408
5,1408
8,1408
1,1409
5,1409
8,1409
1,1410
5,1410
8,1410
1,1411
5,1411
8,1411
1,1412
5,1412
8,1412
1,1413
5,1413
8,1413
1,1414
5,1414
8,1414
1,1415
5,1415
8,1415
1,1416
5,1416
8,1416
1,1417
5,1417
8,1417
1,1418
5,1418
8,1418
1,1419
5,1419
8,1419
1,1420
5,1420
8,1420
1,1421
5,1421
8,1421
1,1422
5,1422
8,1422
1,1423
5,1423
8,1423
1,1424
5,1424
8,1424
1,1425
5,1425
8,1425
1,1426
5,1426
8,1426
1,1427
5,1427
8,1427
1,1428
5,1428
8,1428
1,1429
5,1429
8,1429
1,1430
5,1430
8,1430
1,1431
5,1431
8,1431
1,1432
5,1432
8,1432
1,1433
5,1433
8,1433
1,1434
5,1434
8,1434
1,1435
5,1435
8,1435
1,1436
5,1436
8,1436
1,1437
5,1437
8,1437
1,1438
5,1438
8,1438
1,1439
5,1439
8,1439
1,1440
5,1440
8,1440
1,1441
5,1441
8,1441
1,1442
5,1442
8,1442
1,1443
5,1443
8,1443
1,1444
5,1444
8,1444
1,1445
5,1445
8,1445
1,1446
5,1446
8,1446
1,1447
5,1447
8,1447
1,1448
5,1448
8,1448
1,1449
5,1449
8,1449
1,1450
5,1450
8,1450
1,1451
5,1451
8,1451
1,1452
5,1452
8,1452
1,1453
5,1453
8,1453
1,1454
5,1454
8,1454
1,1455
5,1455
8,1455
1,1456
5,1456
8,1456
1,1457
5,1457
8,1457
1,1458
5,1458
8,1458
1,1459
5,1459
8,1459
1,1460
5,1460
8,1460
1,1461
5,1461
8,1461
1,1462
5,1462
8,1462
1,1463
5,1463
8,1463
1,1464
5,1464
8,1464
1,1465
5,1465
8,1465
1,1466
8,1466
1,1467
8,1467
1,1468
8,1468
1,1469
8,1469
1,1470
8,1470
1,1471
8,1471
1,1472
8,1472
1,1473
8,1473
1,1474
8,1474
1,1475
8,1475
1,1476
8,1476
1,1477
8,1477
1,1478
8,1478
1,1479
8,1479
1,1480
8,1480
1,1481
8,1481
1,1482
8,1482
1,1483
8,1483
1,1484
8,1484
1,1485
8,1485
1,1486
8,1486
1,1487
8,1487
1,1488
8,1488
1,1489
8,1489
1,1490
8,1490
1,1491
8,1491
1,1492
8,1492
1,1493
8,1493
1,1494
8,1494
1,1495
8,1495
1,1496
5,1496
8,1496
1,1497
5,1497
8,1497
1,1498
5,1498
8,1498
1,1499
5,1499
8,1499
1,1500
5,1500
8,1500
1,1501
5,1501
8,1501
1,1502
5,1502
8,1502
1,1503
5,1503
8,1503
1,1504
5,1504
8,1504
1,1505
5,1505
8,1505
1,1506
8,1506
1,1507
8,1507
1,1508
8,1508
1,1509
8,1509
1,1510
8,1510
1,1511
8,1511
1,1512
8,1512
1,1513
8,1513
1,1514
8,1514
11,1514
1,1515
8,1515
1,1516
8,1516
1,1517
8,1517
1,1518
8,1518
11,1518
1,1519
8,1519
11,1519
1,1520
5,1520
8,1520
1,1521
5,1521
8,1521
1,1522
5,1522
8,1522
1,1523
5,1523
8,1523
1,1524
5,1524
8,1524
1,1525
5,1525
8,1525
1,1526
5,1526
8,1526
1,1527
5,1527
8,1527
1,1528
5,1528
8,1528
1,1529
5,1529
8,1529
1,1530
5,1530
8,1530
1,1531
5,1531
8,1531
1,1532
8,1532
1,1533
8,1533
1,1534
8,1534
1,1535
8,1535
1,1536
8,1536
1,1537
8,1537
1,1538
8,1538
1,1539
8,1539
1,1540
8,1540
1,1541
8,1541
1,1542
8,1542
1,1543
8,1543
1,1544
8,1544
1,1545
8,1545
1,1546
8,1546
1,1547
8,1547
1,1548
8,1548
1,1549
8,1549
1,1550
8,1550
1,1551
8,1551
1,1552
8,1552
1,1553
8,1553
1,1554
8,1554
1,1555
8,1555
1,1556
8,1556
1,1557
5,1557
8,1557
1,1558
8,1558
1,1559
8,1559
1,1560
8,1560
1,1561
8,1561
1,1562
5,1562
8,1562
1,1563
5,1563
8,1563
1,1564
5,1564
8,1564
1,1565
5,1565
8,1565
1,1566
5,1566
8,1566
1,1567
5,1567
8,1567
1,1568
5,1568
8,1568
1,1569
5,1569
8,1569
1,1570
5,1570
8,1570
1,1571
5,1571
8,1571
1,1572
5,1572
8,1572
1,1573
5,1573
8,1573
1,1574
5,1574
8,1574
1,1575
5,1575
8,1575
1,1576
5,1576
8,1576
1,1577
5,1577
8,1577
1,1578
5,1578
8,1578
1,1579
5,1579
8,1579
1,1580
5,1580
8,1580
1,1581
5,1581
8,1581
1,1582
5,1582
8,1582
1,1583
5,1583
8,1583
1,1584
5,1584
8,1584
1,1585
5,1585
8,1585
1,1586
5,1586
8,1586
1,1587
8,1587
1,1588
8,1588
1,1589
8,1589
1,1590
8,1590
1,1591
8,1591
1,1592
8,1592
1,1593
8,1593
1,1594
8,1594
1,1595
8,1595
1,1596
8,1596
1,1597
8,1597
1,1598
8,1598
1,1599
8,1599
1,1600
8,1600
1,1601
8,1601
1,1602
8,1602
1,1603
8,1603
1,1604
8,1604
1,1605
8,1605
1,1606
8,1606
1,1607
8,1607
1,1608
8,1608
1,1609
8,1609
1,1610
8,1610
1,1611
8,1611
1,1612
8,1612
1,1613
8,1613
1,1614
8,1614
1,1615
8,1615
1,1616
8,1616
1,1617
8,1617
1,1618
8,1618
1,1619
8,1619
1,1620
8,1620
1,1621
8,1621
1,1622
8,1622
1,1623
8,1623
1,1624
8,1624
1,1625
8,1625
1,1626
8,1626
1,1627
8,1627
1,1628
8,1628
1,1629
8,1629
1,1630
8,1630
1,1631
8,1631
1,1632
8,1632
1,1633
8,1633
1,1634
8,1634
1,1635
8,1635
1,1636
8,1636
1,1637
8,1637
1,1638
8,1638
1,1639
8,1639
1,1640
8,1640
1,1641
8,1641
1,1642
8,1642
1,1643
8,1643
1,1644
8,1644
1,1645
8,1645
1,1646
8,1646
1,1647
8,1647
1,1648
8,1648
1,1649
8,1649
1,1650
8,1650
1,1651
8,1651
1,1652
8,1652
1,1653
8,1653
1,1654
8,1654
1,1655
8,1655
1,1656
8,1656
1,1657
8,1657
1,1658
8,1658
1,1659
8,1659
1,1660
8,1660
1,1661
8,1661
1,1662
8,1662
1,1663
8,1663
1,1664
8,1664
1,1665
8,1665
1,1666
8,1666
1,1667
8,1667
1,1668
8,1668
1,1669
8,1669
1,1670
8,1670
1,1671
5,1671
8,1671
1,1672
5,1672
8,1672
1,1673
5,1673
8,1673
1,1674
5,1674
8,1674
1,1675
5,1675
8,1675
1,1676
5,1676
8,1676
1,1677
5,1677
8,1677
1,1678
5,1678
8,1678
1,1679
5,1679
8,1679
1,1680
5,1680
8,1680
1,1681
5,1681
8,1681
1,1682
5,1682
8,1682
1,1683
5,1683
8,1683
1,1684
5,1684
8,1684
1,1685
5,1685
8,1685
1,1686
5,1686
8,1686
1,1687
5,1687
8,1687
1,1688
5,1688
8,1688
1,1689
5,1689
8,1689
1,1690
5,1690
8,1690
1,1691
5,1691
8,1691
1,1692
5,1692
8,1692
1,1693
5,1693
8,1693
1,1694
5,1694
8,1694
1,1695
5,1695
8,1695
1,1696
5,1696
8,1696
1,1697
5,1697
8,1697
1,1698
5,1698
8,1698
1,1699
5,1699
8,1699
1,1700
5,1700
8,1700
1,1701
5,1701
8,1701
1,1702
8,1702
1,1703
8,1703
1,1704
8,1704
1,1705
8,1705
1,1706
8,1706
1,1707
8,1707
1,1708
8,1708
1,1709
8,1709
1,1710
8,1710
1,1711
8,1711
1,1712
8,1712
1,1713
8,1713
1,1714
8,1714
1,1715
8,1715
1,1716
8,1716
1,1717
8,1717
1,1718
8,1718
1,1719
8,1719
1,1720
8,1720
1,1721
8,1721
1,1722
8,1722
1,1723
8,1723
1,1724
8,1724
1,1725
8,1725
1,1726
8,1726
1,1727
8,1727
1,1728
8,1728
1,1729
8,1729
1,1730
8,1730
1,1731
8,1731
1,1732
8,1732
1,1733
8,1733
1,1734
8,1734
1,1735
8,1735
1,1736
8,1736
1,1737
8,1737
1,1738
8,1738
1,1739
8,1739
1,1740
8,1740
1,1741
8,1741
1,1742
8,1742
1,1743
8,1743
1,1744
8,1744
1,1745
8,1745
1,1746
8,1746
1,1747
8,1747
1,1748
8,1748
1,1749
8,1749
1,1750
8,1750
1,1751
8,1751
1,1752
8,1752
1,1753
8,1753
1,1754
8,1754
1,1755
8,1755
1,1756
8,1756
1,1757
8,1757
1,1758
8,1758
1,1759
8,1759
1,1760
8,1760
1,1761
8,1761
1,1762
8,1762
1,1763
8,1763
1,1764
8,1764
1,1765
8,1765
1,1766
8,1766
1,1767
8,1767
1,1768
8,1768
1,1769
8,1769
1,1770
8,1770
1,1771
8,1771
1,1772
8,1772
1,1773
8,1773
1,1774
8,1774
1,1775
8,1775
1,1776
8,1776
1,1777
8,1777
1,1778
8,1778
1,1779
8,1779
1,1780
8,1780
1,1781
8,1781
1,1782
8,1782
1,1783
8,1783
1,1784
8,1784
1,1785
8,1785
1,1786
8,1786
1,1787
8,1787
1,1788
8,1788
1,1789
8,1789
1,1790
8,1790
1,1791
8,1791
1,1792
8,1792
1,1793
8,1793
1,1794
8,1794
1,1795
8,1795
1,1796
8,1796
1,1797
8,1797
1,1798
8,1798
1,1799
8,1799
1,1800
8,1800
1,1801
5,1801
8,1801
17,1801
1,1802
5,1802
8,1802
1,1803
5,1803
8,1803
1,1804
5,1804
8,1804
1,1805
5,1805
8,1805
1,1806
5,1806
8,1806
1,1807
5,1807
8,1807
1,1808
5,1808
8,1808
1,1809
5,1809
8,1809
1,1810
5,1810
8,1810
1,1811
5,1811
8,1811
1,1812
5,1812
8,1812
1,1813
5,1813
8,1813
1,1814
5,1814
8,1814
1,1815
5,1815
8,1815
1,1816
5,1816
8,1816
1,1817
5,1817
8,1817
1,1818
5,1818
8,1818
1,1819
5,1819
8,1819
1,1820
5,1820
8,1820
1,1821
5,1821
8,1821
1,1822
5,1822
8,1822
1,1823
5,1823
8,1823
1,1824
5,1824
8,1824
1,1825
5,1825
8,1825
1,1826
5,1826
8,1826
1,1827
5,1827
8,1827
1,1828
5,1828
8,1828
1,1829
8,1829
1,1830
8,1830
17,1830
1,1831
8,1831
1,1832
8,1832
1,1833
8,1833
1,1834
8,1834
1,1835
8,1835
1,1836
8,1836
1,1837
8,1837
17,1837
1,1838
8,1838
1,1839
5,1839
8,1839
1,1840
5,1840
8,1840
1,1841
5,1841
8,1841
1,1842
5,1842
8,1842
1,1843
5,1843
8,1843
1,1844
5,1844
8,1844
1,1845
5,1845
8,1845
1,1846
5,1846
8,1846
1,1847
5,1847
8,1847
1,1848
5,1848
8,1848
1,1849
5,1849
8,1849
1,1850
5,1850
8,1850
1,1851
5,1851
8,1851
1,1852
5,1852
8,1852
1,1853
8,1853
1,1854
8,1854
17,1854
1,1855
8,1855
1,1856
8,1856
1,1857
8,1857
1,1858
8,1858
1,1859
8,1859
1,1860
8,1860
1,1861
5,1861
8,1861
1,1862
5,1862
8,1862
1,1863
5,1863
8,1863
1,1864
5,1864
8,1864
1,1865
5,1865
8,1865
1,1866
5,1866
8,1866
1,1867
5,1867
8,1867
1,1868
5,1868
8,1868
1,1869
5,1869
8,1869
1,1870
5,1870
8,1870
1,1871
5,1871
8,1871
1,1872
5,1872
8,1872
1,1873
5,1873
8,1873
1,1874
8,1874
1,1875
8,1875
1,1876
8,1876
17,1876
1,1877
8,1877
1,1878
8,1878
1,1879
8,1879
1,1880
8,1880
17,1880
1,1881
8,1881
1,1882
8,1882
1,1883
8,1883
1,1884
8,1884
1,1885
8,1885
1,1886
8,1886
1,1887
8,1887
1,1888
8,1888
1,1889
8,1889
1,1890
8,1890
1,1891
8,1891
1,1892
8,1892
1,1893
8,1893
1,1894
8,1894
1,1895
8,1895
1,1896
8,1896
1,1897
8,1897
1,1898
8,1898
1,1899
8,1899
1,1900
8,1900
1,1901
8,1901
1,1902
8,1902
1,1903
8,1903
1,1904
8,1904
1,1905
8,1905
1,1906
8,1906
1,1907
8,1907
1,1908
8,1908
1,1909
8,1909
1,1910
8,1910
1,1911
8,1911
1,1912
8,1912
1,1913
8,1913
1,1914
8,1914
1,1915
8,1915
1,1916
8,1916
11,1916
1,1917
8,1917
1,1918
8,1918
1,1919
8,1919
1,1920
8,1920
1,1921
8,1921
11,1921
1,1922
8,1922
1,1923
8,1923
1,1924
8,1924
1,1925
8,1925
1,1926
8,1926
1,1927
8,1927
1,1928
8,1928
11,1928
1,1929
8,1929
1,1930
8,1930
1,1931
8,1931
1,1932
8,1932
1,1933
8,1933
1,1934
8,1934
1,1935
8,1935
1,1936
8,1936
1,1937
8,1937
1,1938
8,1938
1,1939
8,1939
1,1940
8,1940
1,1941
8,1941
1,1942
8,1942
17,1942
1,1943
8,1943
1,1944
8,1944
1,1945
8,1945
17,1945
1,1946
8,1946
1,1947
8,1947
1,1948
8,1948
1,1949
8,1949
1,1950
8,1950
1,1951
8,1951
1,1952
8,1952
1,1953
8,1953
1,1954
8,1954
1,1955
8,1955
1,1956
8,1956
1,1957
8,1957
1,1958
8,1958
1,1959
8,1959
1,1960
8,1960
1,1961
8,1961
1,1962
8,1962
1,1963
8,1963
1,1964
8,1964
1,1965
8,1965
1,1966
8,1966
1,1967
8,1967
1,1968
8,1968
1,1969
5,1969
8,1969
1,1970
5,1970
8,1970
1,1971
5,1971
8,1971
1,1972
5,1972
8,1972
1,1973
5,1973
8,1973
1,1974
5,1974
8,1974
1,1975
5,1975
8,1975
1,1976
5,1976
8,1976
1,1977
5,1977
8,1977
1,1978
5,1978
8,1978
1,1979
5,1979
8,1979
1,1980
5,1980
8,1980
1,1981
5,1981
8,1981
1,1982
5,1982
8,1982
1,1983
5,1983
8,1983
1,1984
5,1984
8,1984
17,1984
1,1985
5,1985
8,1985
1,1986
5,1986
8,1986
1,1987
5,1987
8,1987
1,1988
5,1988
8,1988
1,1989
5,1989
8,1989
1,1990
5,1990
8,1990
1,1991
5,1991
8,1991
1,1992
5,1992
8,1992
1,1993
5,1993
8,1993
1,1994
5,1994
8,1994
1,1995
5,1995
8,1995
1,1996
5,1996
8,1996
1,1997
5,1997
8,1997
1,1998
5,1998
8,1998
1,1999
5,1999
8,1999
1,2000
5,2000
8,2000
1,2001
5,2001
8,2001
1,2002
5,2002
8,2002
1,2003
5,2003
8,2003
16,2003
1,2004
5,2004
8,2004
16,2004
1,2005
5,2005
8,2005
16,2005
1,2006
5,2006
8,2006
1,2007
5,2007
8,2007
16,2007
1,2008
5,2008
8,2008
1,2009
5,2009
8,2009
1,2010
5,2010
8,2010
16,2010
1,2011
5,2011
8,2011
1,2012
5,2012
8,2012
1,2013
5,2013
8,2013
16,2013
1,2014
5,2014
8,2014
1,2015
8,2015
1,2016
8,2016
1,2017
8,2017
1,2018
8,2018
1,2019
8,2019
1,2020
8,2020
1,2021
8,2021
1,2022
8,2022
1,2023
8,2023
1,2024
8,2024
1,2025
8,2025
1,2026
8,2026
1,2027
8,2027
1,2028
8,2028
1,2029
8,2029
1,2030
8,2030
1,2031
8,2031
1,2032
8,2032
1,2033
8,2033
1,2034
8,2034
